<?xml version="1.0" encoding="UTF-8"?>
<beans xmlns="http://www.springframework.org/schema/beans" xmlns:xsi="http://www.w3.org/2001/XMLSchema-instance"
	xsi:schemaLocation="http://www.springframework.org/schema/beans http://www.springframework.org/schema/beans/spring-beans-4.0.xsd">


	<bean name="egovIdGnrService" class="egovframework.rte.fdl.idgnr.impl.EgovTableIdGnrServiceImpl" destroy-method="destroy">
		<property name="dataSource" ref="dataSource" />
		<property name="strategy" 	ref="mixPrefixSample" /><!-- 일련번호가 문자열일때 필요한 속성 -->
		<property name="blockSize" 	value="1"/><!--1씩 늘어갈때 DB참조  -->
		<property name="table"	   	value="IDS"/><!-- db에 만들어놓은 일련번호 table 이름 -->
		<property name="tableName"	value="SAMPLE"/><!-- 일련번호가 필요한 table 명-->
	</bean>
	
	<bean name="mixPrefixSample" class="egovframework.rte.fdl.idgnr.impl.strategy.EgovIdGnrStrategyImpl">
		<property name="prefix"   value="SAMPLE-" /><!--일련번호 앞에 붇는 문자열 -->
		<property name="cipers"   value="5" /><!-- 문자열 length -->
		<property name="fillChar" value="0" /><!--빈 곳을 채울 문자  -->
	</bean>	


	<bean name="egovIdGnrServiceCode" class="egovframework.rte.fdl.idgnr.impl.EgovTableIdGnrServiceImpl" destroy-method="destroy">
		<property name="dataSource" ref="dataSource" />
		<property name="strategy" 	ref="mixPrefixCode" /><!-- 일련번호가 문자열일때 필요한 속성 -->
		<property name="blockSize" 	value="1"/><!--1씩 늘어갈때 DB참조  -->
		<property name="table"	   	value="IDS"/><!-- db에 만들어놓은 일련번호 table 이름 -->
		<property name="tableName"	value="codes"/><!-- 일련번호가 필요한 table 명-->
	</bean>
	<bean name="mixPrefixCode" class="egovframework.rte.fdl.idgnr.impl.strategy.EgovIdGnrStrategyImpl">
		<property name="prefix"   value="CODE-" /><!--일련번호 앞에 붇는 문자열 -->
		<property name="cipers"   value="2" /><!-- 문자열 length -->
		<property name="fillChar" value="0" /><!--빈 곳을 채울 문자  -->
	</bean>	
	

</beans>
