<?xml version="1.0" encoding="UTF-8"?>
<!DOCTYPE sqlMap PUBLIC "-//iBATIS.com//DTD SQL Map 2.0//EN" "http://www.ibatis.com/dtd/sql-map-2.dtd">

<sqlMap namespace="CodeSpace">

	<typeAlias  alias="egovMap" type="egovframework.rte.psl.dataaccess.util.EgovMap"/>
	<typeAlias  alias="codeVO" type="egovframework.id01.vo.CodeVO"/>

	<insert id="codeDAO.insertCodes">
	INSERT INTO codes(id,gid,name,fileName)
	VALUES(#id#,#gid#,#name#,#fileName#)
	</insert>
	
	<select id="codeDAO.selectCodesList" resultClass="egovMap">
      select id,gid,name,fileName from codes
	</select>
	
		<select id="codeDAO.selectCodeDetail" resultClass="codeVO">
      select id,gid,name,fileName from codes where name = #name#
	</select>

    <update id="codeDAO.updateCode" >
        UPDATE codes SET
        gid = #gid#,fileName = #fileName# where name = #name#
    </update>
	


</sqlMap>